distance_bin,traffic_bin,reception_probability,data_count,5k_reception_probability,2500_reception_probability,max_dist_NM
"(0, 10]","(0, 10]",0.9427350427350427,7020,0.9432,0.94,248.2696570489431
"(0, 10]","(10, 20]",0.893657959002442,13513,0.909,0.9044,248.2696570489431
"(0, 10]","(20, 30]",0.9240956992309883,7022,0.9236,0.9188,248.2696570489431
"(0, 10]","(30, 40]",0.8715389568576948,3106,0.8715389568576948,0.8715389568576948,248.2696570489431
"(0, 10]","(40, 50]",0.8772277227722772,2525,0.8772277227722772,0.8772277227722772,248.2696570489431
"(0, 10]","(50, 60]",0.8774104683195593,1452,0.8774104683195593,0.8774104683195593,248.2696570489431
"(0, 10]","(60, 70]",0.9460370994940978,593,0.9460370994940978,0.9460370994940978,248.2696570489431
"(0, 10]","(70, 80]",0.90633608815427,726,0.90633608815427,0.90633608815427,248.2696570489431
"(0, 10]","(80, 90]",0.8464912280701754,684,0.8464912280701754,0.8464912280701754,248.2696570489431
"(0, 10]","(90, 100]",0.8654279279279279,1776,0.8654279279279279,0.8654279279279279,248.2696570489431
"(0, 10]","(100, 110]",0.8445433132687779,3821,0.8445433132687779,0.8445433132687779,248.2696570489431
"(0, 10]","(110, 120]",0.8347043130280124,8996,0.8294,0.828,248.2696570489431
"(0, 10]","(120, 130]",0.8125948406676783,10544,0.8098,0.84,248.2696570489431
"(0, 10]","(130, 140]",0.8151489967944913,8423,0.8144,0.8332,248.2696570489431
"(0, 10]","(140, 150]",0.7930220625962032,9745,0.7886,0.78,248.2696570489431
"(0, 10]","(150, 160]",0.7719854004545141,14521,0.7742,0.7664,248.2696570489431
"(0, 10]","(160, 170]",0.734544184421935,17178,0.7472,0.7316,248.2696570489431
"(0, 10]","(170, 180]",0.7405587405587406,10989,0.7314,0.7376,248.2696570489431
"(0, 10]","(180, 190]",0.7350543478260869,5152,0.7344,0.7292,248.2696570489431
"(0, 10]","(190, 200]",0.7057761732851986,2216,0.7057761732851986,0.7057761732851986,248.2696570489431
"(0, 10]","(200, 210]",0.717896174863388,1464,0.717896174863388,0.717896174863388,248.2696570489431
"(0, 10]","(210, 220]",0.7289719626168224,963,0.7289719626168224,0.7289719626168224,248.2696570489431
"(0, 10]","(220, 230]",0.7223140495867768,605,0.7223140495867768,0.7223140495867768,248.2696570489431
"(0, 10]","(230, 240]",0.8509532062391681,577,0.8509532062391681,0.8509532062391681,248.2696570489431
"(0, 10]","(240, 250]",0.7387387387387387,111,0.7387387387387387,0.7387387387387387,248.2696570489431
"(0, 10]","(260, 270]",0.8793503480278422,431,0.8793503480278422,0.8793503480278422,248.2696570489431
"(0, 10]","(280, 290]",0.811623246492986,499,0.811623246492986,0.811623246492986,248.2696570489431
"(0, 10]","(290, 300]",0.8115183246073299,191,0.8115183246073299,0.8115183246073299,248.2696570489431
"(10, 20]","(0, 10]",0.9460542797494781,23950,0.9488,0.9532,248.2696570489431
"(10, 20]","(10, 20]",0.9223606240174145,33076,0.9114,0.9096,248.2696570489431
"(10, 20]","(20, 30]",0.9221181977764775,17090,0.914,0.9136,248.2696570489431
"(10, 20]","(30, 40]",0.8941269126912691,8888,0.8848,0.8796,248.2696570489431
"(10, 20]","(40, 50]",0.8934898380610803,9201,0.895,0.8924,248.2696570489431
"(10, 20]","(50, 60]",0.8770647170322231,3693,0.8770647170322231,0.8770647170322231,248.2696570489431
"(10, 20]","(60, 70]",0.9150467962562995,1389,0.9150467962562995,0.9150467962562995,248.2696570489431
"(10, 20]","(70, 80]",0.8547918683446273,2066,0.8547918683446273,0.8547918683446273,248.2696570489431
"(10, 20]","(80, 90]",0.8674839462930531,1713,0.8674839462930531,0.8674839462930531,248.2696570489431
"(10, 20]","(90, 100]",0.8400959055699004,5422,0.84,0.8476,248.2696570489431
"(10, 20]","(100, 110]",0.8277694076599794,12611,0.8228,0.8236,248.2696570489431
"(10, 20]","(110, 120]",0.8098528470889316,23445,0.81,0.8168,248.2696570489431
"(10, 20]","(120, 130]",0.7839059972934614,30297,0.7894,0.794,248.2696570489431
"(10, 20]","(130, 140]",0.7879972669298512,26344,0.7814,0.7848,248.2696570489431
"(10, 20]","(140, 150]",0.7655354781842221,27228,0.7594,0.7644,248.2696570489431
"(10, 20]","(150, 160]",0.736659118461081,43719,0.7306,0.7384,248.2696570489431
"(10, 20]","(160, 170]",0.6976827520305782,41860,0.6962,0.6856,248.2696570489431
"(10, 20]","(170, 180]",0.7096207613448993,27898,0.6918,0.6772,248.2696570489431
"(10, 20]","(180, 190]",0.7127524360965966,14162,0.7076,0.7112,248.2696570489431
"(10, 20]","(190, 200]",0.7229508196721312,7930,0.7212,0.718,248.2696570489431
"(10, 20]","(200, 210]",0.7243792325056433,4430,0.7243792325056433,0.7243792325056433,248.2696570489431
"(10, 20]","(210, 220]",0.7262916939175932,3058,0.7262916939175932,0.7262916939175932,248.2696570489431
"(10, 20]","(220, 230]",0.735978835978836,1890,0.735978835978836,0.735978835978836,248.2696570489431
"(10, 20]","(230, 240]",0.8089409260244811,1879,0.8089409260244811,0.8089409260244811,248.2696570489431
"(10, 20]","(240, 250]",0.8123809523809524,1050,0.8123809523809524,0.8123809523809524,248.2696570489431
"(10, 20]","(260, 270]",0.7066326530612245,1176,0.7066326530612245,0.7066326530612245,248.2696570489431
"(10, 20]","(280, 290]",0.73989898989899,792,0.73989898989899,0.73989898989899,248.2696570489431
"(10, 20]","(290, 300]",0.7554092191909689,1063,0.7554092191909689,0.7554092191909689,248.2696570489431
"(20, 30]","(0, 10]",0.9311874202002554,44643,0.9292,0.9304,248.2696570489431
"(20, 30]","(10, 20]",0.9074625787696585,55383,0.9066,0.906,248.2696570489431
"(20, 30]","(20, 30]",0.891574810130323,33839,0.8956,0.8952,248.2696570489431
"(20, 30]","(30, 40]",0.8647599713398615,16748,0.861,0.8676,248.2696570489431
"(20, 30]","(40, 50]",0.84893220581912,13954,0.852,0.8508,248.2696570489431
"(20, 30]","(50, 60]",0.8572551485615469,6361,0.86,0.8512,248.2696570489431
"(20, 30]","(60, 70]",0.8373579545454546,1408,0.8373579545454546,0.8373579545454546,248.2696570489431
"(20, 30]","(70, 80]",0.863126079447323,2316,0.863126079447323,0.863126079447323,248.2696570489431
"(20, 30]","(80, 90]",0.7912087912087912,2275,0.7912087912087912,0.7912087912087912,248.2696570489431
"(20, 30]","(90, 100]",0.7913364307187756,7318,0.7898,0.7796,248.2696570489431
"(20, 30]","(100, 110]",0.7623304749741532,16443,0.75,0.7572,248.2696570489431
"(20, 30]","(110, 120]",0.7503788835564537,31672,0.7574,0.766,248.2696570489431
"(20, 30]","(120, 130]",0.7268929968005687,33756,0.7258,0.7292,248.2696570489431
"(20, 30]","(130, 140]",0.7120925066962828,30614,0.7096,0.7068,248.2696570489431
"(20, 30]","(140, 150]",0.6906701552000951,33634,0.7002,0.6848,248.2696570489431
"(20, 30]","(150, 160]",0.6489220122438115,48841,0.6486,0.6548,248.2696570489431
"(20, 30]","(160, 170]",0.6191524818473991,50406,0.6068,0.6136,248.2696570489431
"(20, 30]","(170, 180]",0.6077172347575612,33328,0.6122,0.6112,248.2696570489431
"(20, 30]","(180, 190]",0.6012961587794505,14813,0.6032,0.6024,248.2696570489431
"(20, 30]","(190, 200]",0.6269802701914666,10289,0.6236,0.6136,248.2696570489431
"(20, 30]","(200, 210]",0.6373298526943875,5363,0.6344,0.6448,248.2696570489431
"(20, 30]","(210, 220]",0.6672367456633276,4093,0.6672367456633276,0.6672367456633276,248.2696570489431
"(20, 30]","(220, 230]",0.6389144434222631,2174,0.6389144434222631,0.6389144434222631,248.2696570489431
"(20, 30]","(230, 240]",0.7096774193548387,1829,0.7096774193548387,0.7096774193548387,248.2696570489431
"(20, 30]","(240, 250]",0.7347876004592423,871,0.7347876004592423,0.7347876004592423,248.2696570489431
"(20, 30]","(260, 270]",0.6356756756756756,925,0.6356756756756756,0.6356756756756756,248.2696570489431
"(20, 30]","(280, 290]",0.7109428768066071,1453,0.7109428768066071,0.7109428768066071,248.2696570489431
"(20, 30]","(290, 300]",0.6717902350813744,1106,0.6717902350813744,0.6717902350813744,248.2696570489431
"(30, 40]","(0, 10]",0.9046124604946184,45247,0.9062,0.8984,248.2696570489431
"(30, 40]","(10, 20]",0.8915538143566647,64834,0.8938,0.8956,248.2696570489431
"(30, 40]","(20, 30]",0.8525040437025055,32767,0.849,0.848,248.2696570489431
"(30, 40]","(30, 40]",0.8104629322726771,18102,0.7956,0.8,248.2696570489431
"(30, 40]","(40, 50]",0.795987963891675,14955,0.7786,0.792,248.2696570489431
"(30, 40]","(50, 60]",0.7834753918064339,7274,0.7832,0.778,248.2696570489431
"(30, 40]","(60, 70]",0.7835273824924537,2319,0.7835273824924537,0.7835273824924537,248.2696570489431
"(30, 40]","(70, 80]",0.7385524372230429,2031,0.7385524372230429,0.7385524372230429,248.2696570489431
"(30, 40]","(80, 90]",0.7020057306590258,2443,0.7020057306590258,0.7020057306590258,248.2696570489431
"(30, 40]","(90, 100]",0.6886198547215496,8260,0.6816,0.694,248.2696570489431
"(30, 40]","(100, 110]",0.6950071326676177,17525,0.7038,0.6992,248.2696570489431
"(30, 40]","(110, 120]",0.6440163810101623,32965,0.6398,0.6304,248.2696570489431
"(30, 40]","(120, 130]",0.632688927943761,36985,0.6346,0.6412,248.2696570489431
"(30, 40]","(130, 140]",0.6169629771235583,31386,0.607,0.6084,248.2696570489431
"(30, 40]","(140, 150]",0.5803463925164397,32391,0.582,0.5876,248.2696570489431
"(30, 40]","(150, 160]",0.5551426083632425,47087,0.5568,0.5492,248.2696570489431
"(30, 40]","(160, 170]",0.510294873801167,44731,0.5108,0.52,248.2696570489431
"(30, 40]","(170, 180]",0.49925909461361784,26994,0.5008,0.508,248.2696570489431
"(30, 40]","(180, 190]",0.517082875960483,14576,0.5208,0.5112,248.2696570489431
"(30, 40]","(190, 200]",0.5142894598846356,7628,0.5154,0.522,248.2696570489431
"(30, 40]","(200, 210]",0.5094529364440868,4972,0.5094529364440868,0.5094529364440868,248.2696570489431
"(30, 40]","(210, 220]",0.5323029366306028,3235,0.5323029366306028,0.5323029366306028,248.2696570489431
"(30, 40]","(220, 230]",0.5398601398601398,2145,0.5398601398601398,0.5398601398601398,248.2696570489431
"(30, 40]","(230, 240]",0.6192500966370313,2587,0.6192500966370313,0.6192500966370313,248.2696570489431
"(30, 40]","(240, 250]",0.5444444444444444,540,0.5444444444444444,0.5444444444444444,248.2696570489431
"(30, 40]","(260, 270]",0.5840978593272171,654,0.5840978593272171,0.5840978593272171,248.2696570489431
"(30, 40]","(280, 290]",0.5385450597176982,1842,0.5385450597176982,0.5385450597176982,248.2696570489431
"(30, 40]","(290, 300]",0.5876840696117804,747,0.5876840696117804,0.5876840696117804,248.2696570489431
"(40, 50]","(0, 10]",0.8771742229826062,42084,0.8794,0.8708,248.2696570489431
"(40, 50]","(10, 20]",0.8787527737893226,61288,0.8844,0.8768,248.2696570489431
"(40, 50]","(20, 30]",0.8431953585576594,32059,0.8408,0.8484,248.2696570489431
"(40, 50]","(30, 40]",0.798038312158515,15191,0.8006,0.8084,248.2696570489431
"(40, 50]","(40, 50]",0.7693788501026694,15584,0.7638,0.772,248.2696570489431
"(40, 50]","(50, 60]",0.7591292134831461,5696,0.7624,0.7712,248.2696570489431
"(40, 50]","(60, 70]",0.6648199445983379,1805,0.6648199445983379,0.6648199445983379,248.2696570489431
"(40, 50]","(70, 80]",0.6864218141346689,3594,0.6864218141346689,0.6864218141346689,248.2696570489431
"(40, 50]","(80, 90]",0.670978627671541,1778,0.670978627671541,0.670978627671541,248.2696570489431
"(40, 50]","(90, 100]",0.6710624268850367,9403,0.6806,0.6752,248.2696570489431
"(40, 50]","(100, 110]",0.6385193431672697,17965,0.6388,0.6308,248.2696570489431
"(40, 50]","(110, 120]",0.5916316790469014,27867,0.5932,0.6148,248.2696570489431
"(40, 50]","(120, 130]",0.5773457583547558,31120,0.5738,0.5836,248.2696570489431
"(40, 50]","(130, 140]",0.5569584338204001,28196,0.5422,0.5348,248.2696570489431
"(40, 50]","(140, 150]",0.5493338545229486,30699,0.5324,0.5212,248.2696570489431
"(40, 50]","(150, 160]",0.501153668666359,39006,0.5048,0.4936,248.2696570489431
"(40, 50]","(160, 170]",0.468821832053602,40894,0.4724,0.4748,248.2696570489431
"(40, 50]","(170, 180]",0.4487221628728737,24338,0.4594,0.4416,248.2696570489431
"(40, 50]","(180, 190]",0.4692154915590864,12084,0.4712,0.4672,248.2696570489431
"(40, 50]","(190, 200]",0.46544128816648944,6583,0.4656,0.466,248.2696570489431
"(40, 50]","(200, 210]",0.4578068592057762,4432,0.4578068592057762,0.4578068592057762,248.2696570489431
"(40, 50]","(210, 220]",0.5489681050656661,2665,0.5489681050656661,0.5489681050656661,248.2696570489431
"(40, 50]","(220, 230]",0.5332376853180296,2091,0.5332376853180296,0.5332376853180296,248.2696570489431
"(40, 50]","(230, 240]",0.5723510419724097,3407,0.5723510419724097,0.5723510419724097,248.2696570489431
"(40, 50]","(240, 250]",0.5847255369928401,838,0.5847255369928401,0.5847255369928401,248.2696570489431
"(40, 50]","(260, 270]",0.5319740500463392,1079,0.5319740500463392,0.5319740500463392,248.2696570489431
"(40, 50]","(280, 290]",0.5575275397796817,1634,0.5575275397796817,0.5575275397796817,248.2696570489431
"(40, 50]","(290, 300]",0.5579896907216495,776,0.5579896907216495,0.5579896907216495,248.2696570489431
"(50, 60]","(0, 10]",0.8909646079111728,36025,0.8928,0.896,248.2696570489431
"(50, 60]","(10, 20]",0.8656525777984209,60284,0.866,0.866,248.2696570489431
"(50, 60]","(20, 30]",0.8277186855056358,31495,0.8254,0.8112,248.2696570489431
"(50, 60]","(30, 40]",0.7833969465648855,15720,0.7896,0.794,248.2696570489431
"(50, 60]","(40, 50]",0.7423331557720113,13141,0.7502,0.7244,248.2696570489431
"(50, 60]","(50, 60]",0.7332120410188554,6046,0.7292,0.728,248.2696570489431
"(50, 60]","(60, 70]",0.6699751861042184,1612,0.6699751861042184,0.6699751861042184,248.2696570489431
"(50, 60]","(70, 80]",0.5997915581031787,1919,0.5997915581031787,0.5997915581031787,248.2696570489431
"(50, 60]","(80, 90]",0.6070110701107011,1626,0.6070110701107011,0.6070110701107011,248.2696570489431
"(50, 60]","(90, 100]",0.6277858527131783,8256,0.63,0.6336,248.2696570489431
"(50, 60]","(100, 110]",0.5885732783037955,12357,0.5918,0.5832,248.2696570489431
"(50, 60]","(110, 120]",0.5541575492341356,23764,0.5664,0.5684,248.2696570489431
"(50, 60]","(120, 130]",0.5493388786440146,25487,0.5622,0.5596,248.2696570489431
"(50, 60]","(130, 140]",0.5413185178704231,22859,0.5304,0.5224,248.2696570489431
"(50, 60]","(140, 150]",0.5169112666516144,22145,0.5004,0.4916,248.2696570489431
"(50, 60]","(150, 160]",0.4786930876797667,30178,0.4648,0.4616,248.2696570489431
"(50, 60]","(160, 170]",0.4442448735219279,33405,0.4414,0.4324,248.2696570489431
"(50, 60]","(170, 180]",0.4316848281642917,19088,0.4302,0.438,248.2696570489431
"(50, 60]","(180, 190]",0.43158725461181807,10137,0.4364,0.444,248.2696570489431
"(50, 60]","(190, 200]",0.4610379046689442,6147,0.4608,0.4728,248.2696570489431
"(50, 60]","(200, 210]",0.45062429057888764,3524,0.45062429057888764,0.45062429057888764,248.2696570489431
"(50, 60]","(210, 220]",0.5539368713146029,2883,0.5539368713146029,0.5539368713146029,248.2696570489431
"(50, 60]","(220, 230]",0.48336153412295546,1773,0.48336153412295546,0.48336153412295546,248.2696570489431
"(50, 60]","(230, 240]",0.6040816326530613,2940,0.6040816326530613,0.6040816326530613,248.2696570489431
"(50, 60]","(240, 250]",0.5161290322580645,744,0.5161290322580645,0.5161290322580645,248.2696570489431
"(50, 60]","(260, 270]",0.47776183644189385,697,0.47776183644189385,0.47776183644189385,248.2696570489431
"(50, 60]","(280, 290]",0.5381882770870338,1126,0.5381882770870338,0.5381882770870338,248.2696570489431
"(50, 60]","(290, 300]",0.4692737430167598,537,0.4692737430167598,0.4692737430167598,248.2696570489431
"(60, 70]","(0, 10]",0.8958321983110868,36710,0.8924,0.8996,248.2696570489431
"(60, 70]","(10, 20]",0.8759024003436142,60533,0.8792,0.89,248.2696570489431
"(60, 70]","(20, 30]",0.8453097777913623,32717,0.8426,0.8364,248.2696570489431
"(60, 70]","(30, 40]",0.7876310272536687,19080,0.7938,0.8056,248.2696570489431
"(60, 70]","(40, 50]",0.7499142837550573,14583,0.759,0.7496,248.2696570489431
"(60, 70]","(50, 60]",0.704994019138756,6688,0.7056,0.724,248.2696570489431
"(60, 70]","(60, 70]",0.6863753213367609,1945,0.6863753213367609,0.6863753213367609,248.2696570489431
"(60, 70]","(70, 80]",0.6646191646191646,3256,0.6646191646191646,0.6646191646191646,248.2696570489431
"(60, 70]","(80, 90]",0.5988088792636708,1847,0.5988088792636708,0.5988088792636708,248.2696570489431
"(60, 70]","(90, 100]",0.5854304635761589,6795,0.5862,0.5868,248.2696570489431
"(60, 70]","(100, 110]",0.551410513334361,12974,0.5492,0.5572,248.2696570489431
"(60, 70]","(110, 120]",0.5573022973031658,23027,0.5508,0.5596,248.2696570489431
"(60, 70]","(120, 130]",0.5503278362805484,25165,0.5424,0.5484,248.2696570489431
"(60, 70]","(130, 140]",0.51242620453247,21004,0.512,0.512,248.2696570489431
"(60, 70]","(140, 150]",0.4669431114010157,21463,0.4676,0.4556,248.2696570489431
"(60, 70]","(150, 160]",0.45269034252192014,31706,0.4594,0.442,248.2696570489431
"(60, 70]","(160, 170]",0.4213531598513011,33625,0.422,0.4312,248.2696570489431
"(60, 70]","(170, 180]",0.420221530574881,21848,0.4286,0.436,248.2696570489431
"(60, 70]","(180, 190]",0.4096676103596519,9537,0.4192,0.4196,248.2696570489431
"(60, 70]","(190, 200]",0.4269964243146603,6712,0.4336,0.4272,248.2696570489431
"(60, 70]","(200, 210]",0.41119539628563956,3823,0.41119539628563956,0.41119539628563956,248.2696570489431
"(60, 70]","(210, 220]",0.5035944003026863,2643,0.5035944003026863,0.5035944003026863,248.2696570489431
"(60, 70]","(220, 230]",0.4455621301775148,1690,0.4455621301775148,0.4455621301775148,248.2696570489431
"(60, 70]","(230, 240]",0.5421965317919075,1730,0.5421965317919075,0.5421965317919075,248.2696570489431
"(60, 70]","(240, 250]",0.6238532110091743,436,0.6238532110091743,0.6238532110091743,248.2696570489431
"(60, 70]","(260, 270]",0.4854368932038835,618,0.4854368932038835,0.4854368932038835,248.2696570489431
"(60, 70]","(280, 290]",0.4931506849315068,1460,0.4931506849315068,0.4931506849315068,248.2696570489431
"(60, 70]","(290, 300]",0.3968705547652916,703,0.3968705547652916,0.3968705547652916,248.2696570489431
"(70, 80]","(0, 10]",0.9015753368943359,36881,0.8956,0.8968,248.2696570489431
"(70, 80]","(10, 20]",0.8660817509462648,63143,0.8652,0.8708,248.2696570489431
"(70, 80]","(20, 30]",0.8210446095642471,36741,0.8232,0.8216,248.2696570489431
"(70, 80]","(30, 40]",0.7784775465498357,21912,0.7738,0.7676,248.2696570489431
"(70, 80]","(40, 50]",0.7397634212920837,18683,0.7366,0.7296,248.2696570489431
"(70, 80]","(50, 60]",0.7514546965918537,8421,0.7496,0.7508,248.2696570489431
"(70, 80]","(60, 70]",0.6967105263157894,1520,0.6967105263157894,0.6967105263157894,248.2696570489431
"(70, 80]","(70, 80]",0.6748313809016684,2817,0.6748313809016684,0.6748313809016684,248.2696570489431
"(70, 80]","(80, 90]",0.5835040983606558,1952,0.5835040983606558,0.5835040983606558,248.2696570489431
"(70, 80]","(90, 100]",0.5998739760554506,7935,0.6014,0.6112,248.2696570489431
"(70, 80]","(100, 110]",0.5710800051367664,15574,0.5794,0.5688,248.2696570489431
"(70, 80]","(110, 120]",0.5369851349913081,28187,0.5304,0.536,248.2696570489431
"(70, 80]","(120, 130]",0.5159701435986814,26393,0.5152,0.512,248.2696570489431
"(70, 80]","(130, 140]",0.48272012859439184,22396,0.483,0.4952,248.2696570489431
"(70, 80]","(140, 150]",0.4671846400956259,26771,0.4618,0.4592,248.2696570489431
"(70, 80]","(150, 160]",0.4201366615534793,35855,0.4398,0.4244,248.2696570489431
"(70, 80]","(160, 170]",0.3981448930474053,36979,0.4046,0.39,248.2696570489431
"(70, 80]","(170, 180]",0.3869055235657923,23445,0.374,0.3852,248.2696570489431
"(70, 80]","(180, 190]",0.37853783668234287,11695,0.3796,0.3808,248.2696570489431
"(70, 80]","(190, 200]",0.38544474393531,7420,0.3854,0.3792,248.2696570489431
"(70, 80]","(200, 210]",0.3928220255653884,4068,0.3928220255653884,0.3928220255653884,248.2696570489431
"(70, 80]","(210, 220]",0.46002076843198336,2889,0.46002076843198336,0.46002076843198336,248.2696570489431
"(70, 80]","(220, 230]",0.4363256784968685,1916,0.4363256784968685,0.4363256784968685,248.2696570489431
"(70, 80]","(230, 240]",0.44471038774533267,2089,0.44471038774533267,0.44471038774533267,248.2696570489431
"(70, 80]","(240, 250]",0.49763593380614657,846,0.49763593380614657,0.49763593380614657,248.2696570489431
"(70, 80]","(260, 270]",0.49667774086378735,602,0.49667774086378735,0.49667774086378735,248.2696570489431
"(70, 80]","(280, 290]",0.4243668720054757,1461,0.4243668720054757,0.4243668720054757,248.2696570489431
"(70, 80]","(290, 300]",0.4124087591240876,822,0.4124087591240876,0.4124087591240876,248.2696570489431
"(80, 90]","(0, 10]",0.8801262545983015,44038,0.8796,0.8748,248.2696570489431
"(80, 90]","(10, 20]",0.8410280385969013,77001,0.8396,0.8352,248.2696570489431
"(80, 90]","(20, 30]",0.7994642765157369,38826,0.794,0.784,248.2696570489431
"(80, 90]","(30, 40]",0.7674287061041716,21215,0.7564,0.7604,248.2696570489431
"(80, 90]","(40, 50]",0.7306478280474974,19959,0.7302,0.7356,248.2696570489431
"(80, 90]","(50, 60]",0.7285211267605634,8520,0.7242,0.7304,248.2696570489431
"(80, 90]","(60, 70]",0.7162506367804381,1963,0.7162506367804381,0.7162506367804381,248.2696570489431
"(80, 90]","(70, 80]",0.6572595618269588,2693,0.6572595618269588,0.6572595618269588,248.2696570489431
"(80, 90]","(80, 90]",0.5922437673130194,1805,0.5922437673130194,0.5922437673130194,248.2696570489431
"(80, 90]","(90, 100]",0.5827814569536424,7399,0.5824,0.5736,248.2696570489431
"(80, 90]","(100, 110]",0.5446889432219506,14724,0.541,0.5356,248.2696570489431
"(80, 90]","(110, 120]",0.5113897837091579,26076,0.5156,0.5124,248.2696570489431
"(80, 90]","(120, 130]",0.48878762871802234,27871,0.489,0.494,248.2696570489431
"(80, 90]","(130, 140]",0.470041745109274,24434,0.4672,0.4688,248.2696570489431
"(80, 90]","(140, 150]",0.45265043252924814,26241,0.4454,0.4548,248.2696570489431
"(80, 90]","(150, 160]",0.4193790551772213,37298,0.4116,0.4092,248.2696570489431
"(80, 90]","(160, 170]",0.3538396386222473,35420,0.364,0.374,248.2696570489431
"(80, 90]","(170, 180]",0.3736608187134503,21375,0.3592,0.3744,248.2696570489431
"(80, 90]","(180, 190]",0.3795590525366773,12201,0.3724,0.372,248.2696570489431
"(80, 90]","(190, 200]",0.35749012458219387,6582,0.3556,0.3492,248.2696570489431
"(80, 90]","(200, 210]",0.38749118269456856,4253,0.38749118269456856,0.38749118269456856,248.2696570489431
"(80, 90]","(210, 220]",0.37344913151364767,2418,0.37344913151364767,0.37344913151364767,248.2696570489431
"(80, 90]","(220, 230]",0.3926453143534994,1686,0.3926453143534994,0.3926453143534994,248.2696570489431
"(80, 90]","(230, 240]",0.503515625,2560,0.503515625,0.503515625,248.2696570489431
"(80, 90]","(240, 250]",0.47086614173228347,635,0.47086614173228347,0.47086614173228347,248.2696570489431
"(80, 90]","(260, 270]",0.4335483870967742,775,0.4335483870967742,0.4335483870967742,248.2696570489431
"(80, 90]","(280, 290]",0.46076099881093935,1682,0.46076099881093935,0.46076099881093935,248.2696570489431
"(80, 90]","(290, 300]",0.41964285714285715,560,0.41964285714285715,0.41964285714285715,248.2696570489431
"(90, 100]","(0, 10]",0.8692373154913872,34077,0.8672,0.8632,248.2696570489431
"(90, 100]","(10, 20]",0.8355552750737579,63383,0.8404,0.8404,248.2696570489431
"(90, 100]","(20, 30]",0.8051610617378724,33869,0.8008,0.8084,248.2696570489431
"(90, 100]","(30, 40]",0.7518618821936357,20678,0.7528,0.7524,248.2696570489431
"(90, 100]","(40, 50]",0.7100491534680502,18310,0.7104,0.7164,248.2696570489431
"(90, 100]","(50, 60]",0.7131841739350272,7911,0.72,0.7244,248.2696570489431
"(90, 100]","(60, 70]",0.6686980609418283,1805,0.6686980609418283,0.6686980609418283,248.2696570489431
"(90, 100]","(70, 80]",0.6497120921305183,3126,0.6497120921305183,0.6497120921305183,248.2696570489431
"(90, 100]","(80, 90]",0.5977426636568849,2215,0.5977426636568849,0.5977426636568849,248.2696570489431
"(90, 100]","(90, 100]",0.5434274130672072,6413,0.5416,0.54,248.2696570489431
"(90, 100]","(100, 110]",0.5108958837772397,14868,0.508,0.4996,248.2696570489431
"(90, 100]","(110, 120]",0.4909928268666449,24536,0.4898,0.5016,248.2696570489431
"(90, 100]","(120, 130]",0.4595424341828581,23778,0.4518,0.4596,248.2696570489431
"(90, 100]","(130, 140]",0.4455030677906919,20047,0.4366,0.4388,248.2696570489431
"(90, 100]","(140, 150]",0.4248806632610334,23882,0.4354,0.4276,248.2696570489431
"(90, 100]","(150, 160]",0.3861067342604645,29194,0.3796,0.3812,248.2696570489431
"(90, 100]","(160, 170]",0.3344482834668823,27206,0.3304,0.328,248.2696570489431
"(90, 100]","(170, 180]",0.331427277359452,17663,0.3264,0.312,248.2696570489431
"(90, 100]","(180, 190]",0.335522315456646,8223,0.3382,0.3428,248.2696570489431
"(90, 100]","(190, 200]",0.33265078183172003,5372,0.3344,0.3328,248.2696570489431
"(90, 100]","(200, 210]",0.37886872998932764,2811,0.37886872998932764,0.37886872998932764,248.2696570489431
"(90, 100]","(210, 220]",0.4168640454760777,2111,0.4168640454760777,0.4168640454760777,248.2696570489431
"(90, 100]","(220, 230]",0.4058898847631242,1562,0.4058898847631242,0.4058898847631242,248.2696570489431
"(90, 100]","(230, 240]",0.43831640058055155,2067,0.43831640058055155,0.43831640058055155,248.2696570489431
"(90, 100]","(240, 250]",0.4659949622166247,397,0.4659949622166247,0.4659949622166247,248.2696570489431
"(90, 100]","(260, 270]",0.3299492385786802,394,0.3299492385786802,0.3299492385786802,248.2696570489431
"(90, 100]","(280, 290]",0.34065934065934067,1183,0.34065934065934067,0.34065934065934067,248.2696570489431
"(90, 100]","(290, 300]",0.40358744394618834,446,0.40358744394618834,0.40358744394618834,248.2696570489431
"(100, 110]","(0, 10]",0.8448571253747782,32686,0.8452,0.8424,248.2696570489431
"(100, 110]","(10, 20]",0.8050943508778907,50291,0.8044,0.802,248.2696570489431
"(100, 110]","(20, 30]",0.7566275226777301,28442,0.7524,0.756,248.2696570489431
"(100, 110]","(30, 40]",0.7061964485284987,16106,0.7084,0.7092,248.2696570489431
"(100, 110]","(40, 50]",0.6574403946286654,14596,0.6586,0.6596,248.2696570489431
"(100, 110]","(50, 60]",0.6575384147269131,6573,0.6522,0.6492,248.2696570489431
"(100, 110]","(60, 70]",0.5818836232753449,1667,0.5818836232753449,0.5818836232753449,248.2696570489431
"(100, 110]","(70, 80]",0.6130997715156131,2626,0.6130997715156131,0.6130997715156131,248.2696570489431
"(100, 110]","(80, 90]",0.5210355987055016,2472,0.5210355987055016,0.5210355987055016,248.2696570489431
"(100, 110]","(90, 100]",0.5157673440784863,7135,0.5128,0.5128,248.2696570489431
"(100, 110]","(100, 110]",0.4760596546310832,12740,0.4788,0.4664,248.2696570489431
"(100, 110]","(110, 120]",0.44859539602028875,20504,0.4408,0.4388,248.2696570489431
"(100, 110]","(120, 130]",0.4224850510024622,22744,0.4262,0.4192,248.2696570489431
"(100, 110]","(130, 140]",0.4117521481560549,18737,0.4028,0.4028,248.2696570489431
"(100, 110]","(140, 150]",0.3713105397619177,18397,0.3684,0.3704,248.2696570489431
"(100, 110]","(150, 160]",0.35871156661786235,24588,0.3596,0.3556,248.2696570489431
"(100, 110]","(160, 170]",0.31754210199895044,20961,0.3136,0.3168,248.2696570489431
"(100, 110]","(170, 180]",0.30324377457404983,12208,0.2972,0.2956,248.2696570489431
"(100, 110]","(180, 190]",0.301814095360411,6229,0.2998,0.3072,248.2696570489431
"(100, 110]","(190, 200]",0.2811105602379772,4034,0.2811105602379772,0.2811105602379772,248.2696570489431
"(100, 110]","(200, 210]",0.32958126969833407,2221,0.32958126969833407,0.32958126969833407,248.2696570489431
"(100, 110]","(210, 220]",0.3960292580982236,1914,0.3960292580982236,0.3960292580982236,248.2696570489431
"(100, 110]","(220, 230]",0.3771213073538655,1591,0.3771213073538655,0.3771213073538655,248.2696570489431
"(100, 110]","(230, 240]",0.4893784421715185,2542,0.4893784421715185,0.4893784421715185,248.2696570489431
"(100, 110]","(240, 250]",0.4392523364485981,428,0.4392523364485981,0.4392523364485981,248.2696570489431
"(100, 110]","(260, 270]",0.36059479553903345,269,0.36059479553903345,0.36059479553903345,248.2696570489431
"(100, 110]","(280, 290]",0.37257939581719596,1291,0.37257939581719596,0.37257939581719596,248.2696570489431
"(100, 110]","(290, 300]",0.4222222222222222,405,0.4222222222222222,0.4222222222222222,248.2696570489431
"(110, 120]","(0, 10]",0.826482448188553,31991,0.8308,0.8308,248.2696570489431
"(110, 120]","(10, 20]",0.7805822143298948,50119,0.7784,0.7916,248.2696570489431
"(110, 120]","(20, 30]",0.7365210684989133,28526,0.7292,0.732,248.2696570489431
"(110, 120]","(30, 40]",0.6605886771836372,14643,0.6658,0.6692,248.2696570489431
"(110, 120]","(40, 50]",0.6372324159021406,13080,0.6364,0.6392,248.2696570489431
"(110, 120]","(50, 60]",0.5737487570434207,6034,0.5752,0.5736,248.2696570489431
"(110, 120]","(60, 70]",0.6022964509394572,958,0.6022964509394572,0.6022964509394572,248.2696570489431
"(110, 120]","(70, 80]",0.5511992619926199,2168,0.5511992619926199,0.5511992619926199,248.2696570489431
"(110, 120]","(80, 90]",0.5013824884792627,1085,0.5013824884792627,0.5013824884792627,248.2696570489431
"(110, 120]","(90, 100]",0.4468382206263714,5013,0.4466,0.4548,248.2696570489431
"(110, 120]","(100, 110]",0.4337982249592465,11042,0.443,0.4348,248.2696570489431
"(110, 120]","(110, 120]",0.42337071347310257,18459,0.4226,0.4336,248.2696570489431
"(110, 120]","(120, 130]",0.3954938204090561,18286,0.3978,0.4012,248.2696570489431
"(110, 120]","(130, 140]",0.38007601520304063,14997,0.3684,0.3696,248.2696570489431
"(110, 120]","(140, 150]",0.3353168913105822,13948,0.3376,0.342,248.2696570489431
"(110, 120]","(150, 160]",0.29603518530496087,15461,0.2928,0.284,248.2696570489431
"(110, 120]","(160, 170]",0.2685420191765369,14184,0.2652,0.266,248.2696570489431
"(110, 120]","(170, 180]",0.2549937578027466,9612,0.2548,0.2628,248.2696570489431
"(110, 120]","(180, 190]",0.26391630477694433,5066,0.264,0.2572,248.2696570489431
"(110, 120]","(190, 200]",0.2571844307020735,2749,0.2571844307020735,0.2571844307020735,248.2696570489431
"(110, 120]","(200, 210]",0.29906956136464335,2257,0.29906956136464335,0.29906956136464335,248.2696570489431
"(110, 120]","(210, 220]",0.40208333333333335,1440,0.40208333333333335,0.40208333333333335,248.2696570489431
"(110, 120]","(220, 230]",0.3166869671132765,821,0.3166869671132765,0.3166869671132765,248.2696570489431
"(110, 120]","(230, 240]",0.40240641711229946,1496,0.40240641711229946,0.40240641711229946,248.2696570489431
"(110, 120]","(240, 250]",0.36323851203501095,457,0.36323851203501095,0.36323851203501095,248.2696570489431
"(110, 120]","(260, 270]",0.3212121212121212,330,0.3212121212121212,0.3212121212121212,248.2696570489431
"(110, 120]","(280, 290]",0.3,630,0.3,0.3,248.2696570489431
"(110, 120]","(290, 300]",0.1864406779661017,236,0.1864406779661017,0.1864406779661017,248.2696570489431
"(120, 130]","(0, 10]",0.8228635361479483,30389,0.823,0.8256,248.2696570489431
"(120, 130]","(10, 20]",0.7645432924085621,46671,0.7584,0.7656,248.2696570489431
"(120, 130]","(20, 30]",0.7192940370116518,29180,0.7222,0.7388,248.2696570489431
"(120, 130]","(30, 40]",0.658201554543018,14924,0.6664,0.6736,248.2696570489431
"(120, 130]","(40, 50]",0.6099724423010678,11612,0.6106,0.6372,248.2696570489431
"(120, 130]","(50, 60]",0.6066255778120185,6490,0.6106,0.6128,248.2696570489431
"(120, 130]","(60, 70]",0.6179219351291919,1819,0.6179219351291919,0.6179219351291919,248.2696570489431
"(120, 130]","(70, 80]",0.5570239843367597,2043,0.5570239843367597,0.5570239843367597,248.2696570489431
"(120, 130]","(80, 90]",0.4384949348769899,1382,0.4384949348769899,0.4384949348769899,248.2696570489431
"(120, 130]","(90, 100]",0.4229036729036729,5772,0.4224,0.426,248.2696570489431
"(120, 130]","(100, 110]",0.41174113404127427,9982,0.414,0.4096,248.2696570489431
"(120, 130]","(110, 120]",0.3770548338889528,17398,0.3798,0.3932,248.2696570489431
"(120, 130]","(120, 130]",0.38220418725005884,17004,0.3784,0.3712,248.2696570489431
"(120, 130]","(130, 140]",0.37508929151243586,15399,0.3674,0.3708,248.2696570489431
"(120, 130]","(140, 150]",0.3168775750441436,13592,0.3238,0.3288,248.2696570489431
"(120, 130]","(150, 160]",0.2907883338146116,13852,0.3018,0.3144,248.2696570489431
"(120, 130]","(160, 170]",0.2526115859449193,11583,0.2494,0.2488,248.2696570489431
"(120, 130]","(170, 180]",0.2464632454923717,7210,0.2444,0.248,248.2696570489431
"(120, 130]","(180, 190]",0.24029692470837752,4715,0.24029692470837752,0.24029692470837752,248.2696570489431
"(120, 130]","(190, 200]",0.21317512274959083,2444,0.21317512274959083,0.21317512274959083,248.2696570489431
"(120, 130]","(200, 210]",0.310719131614654,1474,0.310719131614654,0.310719131614654,248.2696570489431
"(120, 130]","(210, 220]",0.3310387984981227,1598,0.3310387984981227,0.3310387984981227,248.2696570489431
"(120, 130]","(220, 230]",0.3162193698949825,857,0.3162193698949825,0.3162193698949825,248.2696570489431
"(120, 130]","(230, 240]",0.43823946994794133,2113,0.43823946994794133,0.43823946994794133,248.2696570489431
"(120, 130]","(240, 250]",0.3130434782608696,345,0.3130434782608696,0.3130434782608696,248.2696570489431
"(120, 130]","(260, 270]",0.2549019607843137,357,0.2549019607843137,0.2549019607843137,248.2696570489431
"(120, 130]","(280, 290]",0.2976878612716763,692,0.2976878612716763,0.2976878612716763,248.2696570489431
"(120, 130]","(290, 300]",0.2803347280334728,239,0.2803347280334728,0.2803347280334728,248.2696570489431
"(130, 140]","(0, 10]",0.7654704487860705,24466,0.7688,0.7696,248.2696570489431
"(130, 140]","(10, 20]",0.7118587923528298,42264,0.7042,0.6992,248.2696570489431
"(130, 140]","(20, 30]",0.6880712625871418,25820,0.6842,0.6788,248.2696570489431
"(130, 140]","(30, 40]",0.5891257613758509,11164,0.593,0.604,248.2696570489431
"(130, 140]","(40, 50]",0.557420031463031,9535,0.5606,0.5512,248.2696570489431
"(130, 140]","(50, 60]",0.5636936404804095,5079,0.5638,0.5536,248.2696570489431
"(130, 140]","(60, 70]",0.546137339055794,932,0.546137339055794,0.546137339055794,248.2696570489431
"(130, 140]","(70, 80]",0.5392895586652314,1858,0.5392895586652314,0.5392895586652314,248.2696570489431
"(130, 140]","(80, 90]",0.48925848925848925,1443,0.48925848925848925,0.48925848925848925,248.2696570489431
"(130, 140]","(90, 100]",0.4150375939849624,3990,0.4150375939849624,0.4150375939849624,248.2696570489431
"(130, 140]","(100, 110]",0.3892731306276915,7663,0.3946,0.4012,248.2696570489431
"(130, 140]","(110, 120]",0.3663154680103833,13098,0.3686,0.3652,248.2696570489431
"(130, 140]","(120, 130]",0.3373092309971848,13498,0.3338,0.3292,248.2696570489431
"(130, 140]","(130, 140]",0.30856747130985357,10108,0.3036,0.2976,248.2696570489431
"(130, 140]","(140, 150]",0.3113090306545153,9656,0.31,0.3032,248.2696570489431
"(130, 140]","(150, 160]",0.2767144368567856,10397,0.2872,0.2896,248.2696570489431
"(130, 140]","(160, 170]",0.22730645560227553,8086,0.2314,0.2336,248.2696570489431
"(130, 140]","(170, 180]",0.23401437760121074,5286,0.2338,0.242,248.2696570489431
"(130, 140]","(180, 190]",0.21714285714285714,2450,0.21714285714285714,0.21714285714285714,248.2696570489431
"(130, 140]","(190, 200]",0.21645021645021645,1617,0.21645021645021645,0.21645021645021645,248.2696570489431
"(130, 140]","(200, 210]",0.297951582867784,1074,0.297951582867784,0.297951582867784,248.2696570489431
"(130, 140]","(210, 220]",0.32940019665683384,1017,0.32940019665683384,0.32940019665683384,248.2696570489431
"(130, 140]","(220, 230]",0.25057471264367814,435,0.25057471264367814,0.25057471264367814,248.2696570489431
"(130, 140]","(230, 240]",0.3541666666666667,1200,0.3541666666666667,0.3541666666666667,248.2696570489431
"(130, 140]","(240, 250]",0.25,136,0.25,0.25,248.2696570489431
"(130, 140]","(260, 270]",0.27167630057803466,173,0.27167630057803466,0.27167630057803466,248.2696570489431
"(130, 140]","(280, 290]",0.2442528735632184,348,0.2442528735632184,0.2442528735632184,248.2696570489431
"(130, 140]","(290, 300]",0.18633540372670807,161,0.18633540372670807,0.18633540372670807,248.2696570489431
"(140, 150]","(0, 10]",0.7171810428207157,22746,0.7152,0.7168,248.2696570489431
"(140, 150]","(10, 20]",0.6780841969670356,34158,0.6724,0.6696,248.2696570489431
"(140, 150]","(20, 30]",0.6423154310478254,19383,0.644,0.65,248.2696570489431
"(140, 150]","(30, 40]",0.545271340146826,6947,0.5472,0.552,248.2696570489431
"(140, 150]","(40, 50]",0.5136151647359711,6647,0.517,0.5448,248.2696570489431
"(140, 150]","(50, 60]",0.5341189366949849,3649,0.5341189366949849,0.5341189366949849,248.2696570489431
"(140, 150]","(60, 70]",0.45942571785268416,801,0.45942571785268416,0.45942571785268416,248.2696570489431
"(140, 150]","(70, 80]",0.5068493150684932,1022,0.5068493150684932,0.5068493150684932,248.2696570489431
"(140, 150]","(80, 90]",0.32335329341317365,835,0.32335329341317365,0.32335329341317365,248.2696570489431
"(140, 150]","(90, 100]",0.3222468588322247,2706,0.3222468588322247,0.3222468588322247,248.2696570489431
"(140, 150]","(100, 110]",0.33879164313946925,5313,0.342,0.358,248.2696570489431
"(140, 150]","(110, 120]",0.3151157613535174,8984,0.3102,0.3076,248.2696570489431
"(140, 150]","(120, 130]",0.2852275225324247,9098,0.2868,0.2948,248.2696570489431
"(140, 150]","(130, 140]",0.28498337170631877,7818,0.2844,0.2836,248.2696570489431
"(140, 150]","(140, 150]",0.26533971864711164,6682,0.267,0.258,248.2696570489431
"(140, 150]","(150, 160]",0.249182658137882,7035,0.2444,0.2444,248.2696570489431
"(140, 150]","(160, 170]",0.21333333333333335,4950,0.21333333333333335,0.21333333333333335,248.2696570489431
"(140, 150]","(170, 180]",0.19485627836611194,3305,0.19485627836611194,0.19485627836611194,248.2696570489431
"(140, 150]","(180, 190]",0.20392836510687465,1731,0.20392836510687465,0.20392836510687465,248.2696570489431
"(140, 150]","(190, 200]",0.17545454545454545,1100,0.17545454545454545,0.17545454545454545,248.2696570489431
"(140, 150]","(200, 210]",0.1932367149758454,828,0.1932367149758454,0.1932367149758454,248.2696570489431
"(140, 150]","(210, 220]",0.27245508982035926,668,0.27245508982035926,0.27245508982035926,248.2696570489431
"(140, 150]","(220, 230]",0.2672413793103448,348,0.2672413793103448,0.2672413793103448,248.2696570489431
"(140, 150]","(230, 240]",0.2897959183673469,735,0.2897959183673469,0.2897959183673469,248.2696570489431
"(140, 150]","(240, 250]",0.26148409893992935,283,0.26148409893992935,0.26148409893992935,248.2696570489431
"(140, 150]","(260, 270]",0.21014492753623187,138,0.21014492753623187,0.21014492753623187,248.2696570489431
"(140, 150]","(280, 290]",0.2033898305084746,236,0.2033898305084746,0.2033898305084746,248.2696570489431
"(140, 150]","(290, 300]",0.20588235294117646,102,0.20588235294117646,0.20588235294117646,248.2696570489431
"(150, 160]","(0, 10]",0.6689840657667715,19706,0.6768,0.6816,248.2696570489431
"(150, 160]","(10, 20]",0.6270224337185588,29420,0.6364,0.6272,248.2696570489431
"(150, 160]","(20, 30]",0.5820710548058387,14524,0.5818,0.5708,248.2696570489431
"(150, 160]","(30, 40]",0.5122936424306287,5694,0.5146,0.5016,248.2696570489431
"(150, 160]","(40, 50]",0.4547097810805383,4979,0.4547097810805383,0.4547097810805383,248.2696570489431
"(150, 160]","(50, 60]",0.47734424166142225,3178,0.47734424166142225,0.47734424166142225,248.2696570489431
"(150, 160]","(60, 70]",0.5434272300469484,852,0.5434272300469484,0.5434272300469484,248.2696570489431
"(150, 160]","(70, 80]",0.45606975184439974,1491,0.45606975184439974,0.45606975184439974,248.2696570489431
"(150, 160]","(80, 90]",0.3848314606741573,712,0.3848314606741573,0.3848314606741573,248.2696570489431
"(150, 160]","(90, 100]",0.3122238586156112,2037,0.3122238586156112,0.3122238586156112,248.2696570489431
"(150, 160]","(100, 110]",0.3241619841116063,5161,0.3242,0.324,248.2696570489431
"(150, 160]","(110, 120]",0.2705096333126165,6436,0.2706,0.264,248.2696570489431
"(150, 160]","(120, 130]",0.2589980902012634,6807,0.2536,0.2508,248.2696570489431
"(150, 160]","(130, 140]",0.2675978680389634,5441,0.2674,0.2796,248.2696570489431
"(150, 160]","(140, 150]",0.23153967007069914,5092,0.2316,0.2384,248.2696570489431
"(150, 160]","(150, 160]",0.21868893231479836,5629,0.2212,0.218,248.2696570489431
"(150, 160]","(160, 170]",0.18284789644012944,3708,0.18284789644012944,0.18284789644012944,248.2696570489431
"(150, 160]","(170, 180]",0.19984597612629956,2597,0.19984597612629956,0.19984597612629956,248.2696570489431
"(150, 160]","(180, 190]",0.16447368421052633,1064,0.16447368421052633,0.16447368421052633,248.2696570489431
"(150, 160]","(190, 200]",0.17882352941176471,850,0.17882352941176471,0.17882352941176471,248.2696570489431
"(150, 160]","(200, 210]",0.216260162601626,615,0.216260162601626,0.216260162601626,248.2696570489431
"(150, 160]","(210, 220]",0.3333333333333333,801,0.3333333333333333,0.3333333333333333,248.2696570489431
"(150, 160]","(220, 230]",0.19101123595505617,267,0.19101123595505617,0.19101123595505617,248.2696570489431
"(150, 160]","(230, 240]",0.2496124031007752,645,0.2496124031007752,0.2496124031007752,248.2696570489431
"(150, 160]","(240, 250]",0.30141843971631205,282,0.30141843971631205,0.30141843971631205,248.2696570489431
"(150, 160]","(260, 270]",0.1574074074074074,108,0.1574074074074074,0.1574074074074074,248.2696570489431
"(150, 160]","(280, 290]",0.17410714285714285,224,0.17410714285714285,0.17410714285714285,248.2696570489431
"(150, 160]","(290, 300]",0.18,100,0.18,0.18,248.2696570489431
"(160, 170]","(0, 10]",0.5852022787913752,13867,0.5924,0.584,248.2696570489431
"(160, 170]","(10, 20]",0.5525148626969897,21194,0.5492,0.5408,248.2696570489431
"(160, 170]","(20, 30]",0.528767956221023,13157,0.5242,0.528,248.2696570489431
"(160, 170]","(30, 40]",0.4806201550387597,5289,0.481,0.4836,248.2696570489431
"(160, 170]","(40, 50]",0.46514522821576765,4820,0.46514522821576765,0.46514522821576765,248.2696570489431
"(160, 170]","(50, 60]",0.45461509000382994,2611,0.45461509000382994,0.45461509000382994,248.2696570489431
"(160, 170]","(60, 70]",0.44675324675324674,385,0.44675324675324674,0.44675324675324674,248.2696570489431
"(160, 170]","(70, 80]",0.38605028386050283,1233,0.38605028386050283,0.38605028386050283,248.2696570489431
"(160, 170]","(80, 90]",0.3010989010989011,455,0.3010989010989011,0.3010989010989011,248.2696570489431
"(160, 170]","(90, 100]",0.3015776699029126,1648,0.3015776699029126,0.3015776699029126,248.2696570489431
"(160, 170]","(100, 110]",0.25796610169491524,2950,0.25796610169491524,0.25796610169491524,248.2696570489431
"(160, 170]","(110, 120]",0.233099209833187,4556,0.233099209833187,0.233099209833187,248.2696570489431
"(160, 170]","(120, 130]",0.23138995360096834,4957,0.23138995360096834,0.23138995360096834,248.2696570489431
"(160, 170]","(130, 140]",0.24384180790960452,4425,0.24384180790960452,0.24384180790960452,248.2696570489431
"(160, 170]","(140, 150]",0.2193009588617383,3233,0.2193009588617383,0.2193009588617383,248.2696570489431
"(160, 170]","(150, 160]",0.20599379951774027,2903,0.20599379951774027,0.20599379951774027,248.2696570489431
"(160, 170]","(160, 170]",0.2253922967189729,2103,0.2253922967189729,0.2253922967189729,248.2696570489431
"(160, 170]","(170, 180]",0.1739879414298019,1161,0.1739879414298019,0.1739879414298019,248.2696570489431
"(160, 170]","(180, 190]",0.15019762845849802,759,0.15019762845849802,0.15019762845849802,248.2696570489431
"(160, 170]","(190, 200]",0.1779816513761468,545,0.1779816513761468,0.1779816513761468,248.2696570489431
"(160, 170]","(200, 210]",0.21725239616613418,313,0.21725239616613418,0.21725239616613418,248.2696570489431
"(160, 170]","(210, 220]",0.20192307692307693,208,0.20192307692307693,0.20192307692307693,248.2696570489431
"(160, 170]","(220, 230]",0.2264957264957265,234,0.2264957264957265,0.2264957264957265,248.2696570489431
"(160, 170]","(230, 240]",0.3042016806722689,595,0.3042016806722689,0.3042016806722689,248.2696570489431
"(160, 170]","(240, 250]",0.14285714285714285,63,0.14285714285714285,0.14285714285714285,248.2696570489431
"(160, 170]","(260, 270]",0.24,100,0.24,0.24,248.2696570489431
"(160, 170]","(280, 290]",0.2079207920792079,101,0.2079207920792079,0.2079207920792079,248.2696570489431
"(160, 170]","(290, 300]",0.17647058823529413,34,0.17647058823529413,0.17647058823529413,248.2696570489431
"(170, 180]","(0, 10]",0.5028647431962349,9774,0.5032,0.5,248.2696570489431
"(170, 180]","(10, 20]",0.4689514227322748,12722,0.4688,0.4744,248.2696570489431
"(170, 180]","(20, 30]",0.4936488835405803,7479,0.493,0.496,248.2696570489431
"(170, 180]","(30, 40]",0.42424242424242425,3102,0.42424242424242425,0.42424242424242425,248.2696570489431
"(170, 180]","(40, 50]",0.3684782608695652,2760,0.3684782608695652,0.3684782608695652,248.2696570489431
"(170, 180]","(50, 60]",0.30238290879211177,1217,0.30238290879211177,0.30238290879211177,248.2696570489431
"(170, 180]","(60, 70]",0.3855421686746988,249,0.3855421686746988,0.3855421686746988,248.2696570489431
"(170, 180]","(70, 80]",0.2204724409448819,508,0.2204724409448819,0.2204724409448819,248.2696570489431
"(170, 180]","(80, 90]",0.31725888324873097,394,0.31725888324873097,0.31725888324873097,248.2696570489431
"(170, 180]","(90, 100]",0.2141623488773748,579,0.2141623488773748,0.2141623488773748,248.2696570489431
"(170, 180]","(100, 110]",0.23076923076923078,1820,0.23076923076923078,0.23076923076923078,248.2696570489431
"(170, 180]","(110, 120]",0.2172386895475819,2564,0.2172386895475819,0.2172386895475819,248.2696570489431
"(170, 180]","(120, 130]",0.19165316045380876,2468,0.19165316045380876,0.19165316045380876,248.2696570489431
"(170, 180]","(130, 140]",0.1978082191780822,1825,0.1978082191780822,0.1978082191780822,248.2696570489431
"(170, 180]","(140, 150]",0.1921875,1280,0.1921875,0.1921875,248.2696570489431
"(170, 180]","(150, 160]",0.17611489040060468,1323,0.17611489040060468,0.17611489040060468,248.2696570489431
"(170, 180]","(160, 170]",0.1917255297679112,991,0.1917255297679112,0.1917255297679112,248.2696570489431
"(170, 180]","(170, 180]",0.20809248554913296,692,0.20809248554913296,0.20809248554913296,248.2696570489431
"(170, 180]","(180, 190]",0.13970588235294118,272,0.13970588235294118,0.13970588235294118,248.2696570489431
"(170, 180]","(190, 200]",0.09047619047619047,210,0.09047619047619047,0.09047619047619047,248.2696570489431
"(170, 180]","(200, 210]",0.14184397163120568,141,0.14184397163120568,0.14184397163120568,248.2696570489431
"(170, 180]","(210, 220]",0.22943722943722944,231,0.22943722943722944,0.22943722943722944,248.2696570489431
"(170, 180]","(220, 230]",0.1111111111111111,27,0.1111111111111111,0.1111111111111111,248.2696570489431
"(170, 180]","(230, 240]",0.21195652173913043,184,0.21195652173913043,0.21195652173913043,248.2696570489431
"(170, 180]","(240, 250]",0.14102564102564102,78,0.14102564102564102,0.14102564102564102,248.2696570489431
"(170, 180]","(260, 270]",0.2,30,0.2,0.2,248.2696570489431
"(170, 180]","(280, 290]",0.08108108108108109,37,0.08108108108108109,0.08108108108108109,248.2696570489431
"(170, 180]","(290, 300]",0.08,25,0.08,0.08,248.2696570489431
"(180, 190]","(0, 10]",0.33663784011811854,4741,0.33663784011811854,0.33663784011811854,248.2696570489431
"(180, 190]","(10, 20]",0.34670170100954223,7231,0.3464,0.352,248.2696570489431
"(180, 190]","(20, 30]",0.3391103408434431,3462,0.3391103408434431,0.3391103408434431,248.2696570489431
"(180, 190]","(30, 40]",0.3483375959079284,1955,0.3483375959079284,0.3483375959079284,248.2696570489431
"(180, 190]","(40, 50]",0.30347054075867635,1239,0.30347054075867635,0.30347054075867635,248.2696570489431
"(180, 190]","(50, 60]",0.2764331210191083,785,0.2764331210191083,0.2764331210191083,248.2696570489431
"(180, 190]","(60, 70]",0.35019455252918286,257,0.35019455252918286,0.35019455252918286,248.2696570489431
"(180, 190]","(70, 80]",0.32113821138211385,246,0.32113821138211385,0.32113821138211385,248.2696570489431
"(180, 190]","(80, 90]",0.2931726907630522,249,0.2931726907630522,0.2931726907630522,248.2696570489431
"(180, 190]","(90, 100]",0.13559322033898305,236,0.13559322033898305,0.13559322033898305,248.2696570489431
"(180, 190]","(100, 110]",0.2145922746781116,699,0.2145922746781116,0.2145922746781116,248.2696570489431
"(180, 190]","(110, 120]",0.18692543411644535,979,0.18692543411644535,0.18692543411644535,248.2696570489431
"(180, 190]","(120, 130]",0.18979057591623036,764,0.18979057591623036,0.18979057591623036,248.2696570489431
"(180, 190]","(130, 140]",0.1772853185595568,722,0.1772853185595568,0.1772853185595568,248.2696570489431
"(180, 190]","(140, 150]",0.15502555366269166,587,0.15502555366269166,0.15502555366269166,248.2696570489431
"(180, 190]","(150, 160]",0.1718377088305489,419,0.1718377088305489,0.1718377088305489,248.2696570489431
"(180, 190]","(160, 170]",0.11278195488721804,266,0.11278195488721804,0.11278195488721804,248.2696570489431
"(180, 190]","(170, 180]",0.11016949152542373,236,0.11016949152542373,0.11016949152542373,248.2696570489431
"(180, 190]","(180, 190]",0.09565217391304348,115,0.09565217391304348,0.09565217391304348,248.2696570489431
"(180, 190]","(190, 200]",0.05263157894736842,76,0.05263157894736842,0.05263157894736842,248.2696570489431
"(180, 190]","(200, 210]",0.06060606060606061,33,0.06060606060606061,0.06060606060606061,248.2696570489431
"(180, 190]","(210, 220]",0.10144927536231885,69,0.10144927536231885,0.10144927536231885,248.2696570489431
"(180, 190]","(220, 230]",0.037037037037037035,27,0.037037037037037035,0.037037037037037035,248.2696570489431
"(180, 190]","(230, 240]",0.0,19,0.0,0.0,248.2696570489431
"(180, 190]","(240, 250]",0.3333333333333333,27,0.3333333333333333,0.3333333333333333,248.2696570489431
"(180, 190]","(260, 270]",0.0,7,0.0,0.0,248.2696570489431
"(180, 190]","(280, 290]",0.17647058823529413,17,0.17647058823529413,0.17647058823529413,248.2696570489431
"(180, 190]","(290, 300]",0.0,9,0.0,0.0,248.2696570489431
"(190, 200]","(0, 10]",0.2271604938271605,1620,0.2271604938271605,0.2271604938271605,248.2696570489431
"(190, 200]","(10, 20]",0.32926332926332924,2457,0.32926332926332924,0.32926332926332924,248.2696570489431
"(190, 200]","(20, 30]",0.25378346915017463,1718,0.25378346915017463,0.25378346915017463,248.2696570489431
"(190, 200]","(30, 40]",0.21187800963081863,623,0.21187800963081863,0.21187800963081863,248.2696570489431
"(190, 200]","(40, 50]",0.19525065963060687,379,0.19525065963060687,0.19525065963060687,248.2696570489431
"(190, 200]","(50, 60]",0.08571428571428572,245,0.08571428571428572,0.08571428571428572,248.2696570489431
"(190, 200]","(60, 70]",0.216,125,0.216,0.216,248.2696570489431
"(190, 200]","(70, 80]",0.24855491329479767,173,0.24855491329479767,0.24855491329479767,248.2696570489431
"(190, 200]","(80, 90]",0.23333333333333334,30,0.23333333333333334,0.23333333333333334,248.2696570489431
"(190, 200]","(90, 100]",0.10752688172043011,93,0.10752688172043011,0.10752688172043011,248.2696570489431
"(190, 200]","(100, 110]",0.13471502590673576,193,0.13471502590673576,0.13471502590673576,248.2696570489431
"(190, 200]","(110, 120]",0.11437908496732026,306,0.11437908496732026,0.11437908496732026,248.2696570489431
"(190, 200]","(120, 130]",0.15512465373961218,361,0.15512465373961218,0.15512465373961218,248.2696570489431
"(190, 200]","(130, 140]",0.13122171945701358,221,0.13122171945701358,0.13122171945701358,248.2696570489431
"(190, 200]","(140, 150]",0.09420289855072464,138,0.09420289855072464,0.09420289855072464,248.2696570489431
"(190, 200]","(150, 160]",0.102803738317757,107,0.102803738317757,0.102803738317757,248.2696570489431
"(190, 200]","(160, 170]",0.07,100,0.07,0.07,248.2696570489431
"(190, 200]","(170, 180]",0.06818181818181818,88,0.06818181818181818,0.06818181818181818,248.2696570489431
"(190, 200]","(180, 190]",0.25,40,0.25,0.25,248.2696570489431
"(190, 200]","(190, 200]",0.13636363636363635,22,0.13636363636363635,0.13636363636363635,248.2696570489431
"(190, 200]","(200, 210]",0.2,25,0.2,0.2,248.2696570489431
"(190, 200]","(210, 220]",0.0,9,0.0,0.0,248.2696570489431
"(190, 200]","(220, 230]",0.0,12,0.0,0.0,248.2696570489431
"(190, 200]","(230, 240]",0.07692307692307693,13,0.07692307692307693,0.07692307692307693,248.2696570489431
"(190, 200]","(240, 250]",0.3333333333333333,3,0.3333333333333333,0.3333333333333333,248.2696570489431
"(190, 200]","(260, 270]",0.0,3,0.0,0.0,248.2696570489431
"(190, 200]","(280, 290]",0.0,10,0.0,0.0,248.2696570489431
"(200, 210]","(0, 10]",0.15669515669515668,351,0.15669515669515668,0.15669515669515668,248.2696570489431
"(200, 210]","(10, 20]",0.19107551487414187,874,0.19107551487414187,0.19107551487414187,248.2696570489431
"(200, 210]","(20, 30]",0.22847682119205298,604,0.22847682119205298,0.22847682119205298,248.2696570489431
"(200, 210]","(30, 40]",0.175,360,0.175,0.175,248.2696570489431
"(200, 210]","(40, 50]",0.20353982300884957,226,0.20353982300884957,0.20353982300884957,248.2696570489431
"(200, 210]","(50, 60]",0.08695652173913043,23,0.08695652173913043,0.08695652173913043,248.2696570489431
"(200, 210]","(60, 70]",0.0,22,0.0,0.0,248.2696570489431
"(200, 210]","(70, 80]",0.125,64,0.125,0.125,248.2696570489431
"(200, 210]","(80, 90]",0.0,5,0.0,0.0,248.2696570489431
"(200, 210]","(90, 100]",0.0,7,0.0,0.0,248.2696570489431
"(200, 210]","(100, 110]",0.1076923076923077,65,0.1076923076923077,0.1076923076923077,248.2696570489431
"(200, 210]","(110, 120]",0.30864197530864196,81,0.30864197530864196,0.30864197530864196,248.2696570489431
"(200, 210]","(120, 130]",0.18269230769230768,104,0.18269230769230768,0.18269230769230768,248.2696570489431
"(200, 210]","(130, 140]",0.10526315789473684,38,0.10526315789473684,0.10526315789473684,248.2696570489431
"(200, 210]","(140, 150]",0.18253968253968253,126,0.18253968253968253,0.18253968253968253,248.2696570489431
"(200, 210]","(150, 160]",0.07692307692307693,39,0.07692307692307693,0.07692307692307693,248.2696570489431
"(200, 210]","(160, 170]",0.0,11,0.0,0.0,248.2696570489431
"(200, 210]","(170, 180]",0.0,8,0.0,0.0,248.2696570489431
"(200, 210]","(180, 190]",0.4,5,0.4,0.4,248.2696570489431
"(200, 210]","(200, 210]",0.09090909090909091,11,0.09090909090909091,0.09090909090909091,248.2696570489431
"(200, 210]","(210, 220]",0.0,4,0.0,0.0,248.2696570489431
"(200, 210]","(220, 230]",0.3333333333333333,3,0.3333333333333333,0.3333333333333333,248.2696570489431
"(200, 210]","(230, 240]",0.0,4,0.0,0.0,248.2696570489431
"(200, 210]","(280, 290]",0.0,2,0.0,0.0,248.2696570489431
"(210, 220]","(0, 10]",0.08791208791208792,182,0.08791208791208792,0.08791208791208792,248.2696570489431
"(210, 220]","(10, 20]",0.18235294117647058,170,0.18235294117647058,0.18235294117647058,248.2696570489431
"(210, 220]","(20, 30]",0.22950819672131148,61,0.22950819672131148,0.22950819672131148,248.2696570489431
"(210, 220]","(30, 40]",0.0,33,0.0,0.0,248.2696570489431
"(210, 220]","(40, 50]",0.1694915254237288,59,0.1694915254237288,0.1694915254237288,248.2696570489431
"(210, 220]","(50, 60]",0.0,16,0.0,0.0,248.2696570489431
"(210, 220]","(70, 80]",0.5348837209302325,43,0.5348837209302325,0.5348837209302325,248.2696570489431
"(210, 220]","(80, 90]",0.5,4,0.5,0.5,248.2696570489431
"(210, 220]","(90, 100]",0.0,1,0.0,0.0,248.2696570489431
"(210, 220]","(100, 110]",0.11363636363636363,44,0.11363636363636363,0.11363636363636363,248.2696570489431
"(210, 220]","(110, 120]",0.25,24,0.25,0.25,248.2696570489431
"(210, 220]","(120, 130]",0.13793103448275862,29,0.13793103448275862,0.13793103448275862,248.2696570489431
"(210, 220]","(130, 140]",0.0,12,0.0,0.0,248.2696570489431
"(210, 220]","(140, 150]",0.18604651162790697,43,0.18604651162790697,0.18604651162790697,248.2696570489431
"(210, 220]","(150, 160]",0.17647058823529413,17,0.17647058823529413,0.17647058823529413,248.2696570489431
"(210, 220]","(160, 170]",0.0,1,0.0,0.0,248.2696570489431
"(210, 220]","(170, 180]",0.0,2,0.0,0.0,248.2696570489431
"(210, 220]","(180, 190]",0.3333333333333333,3,0.3333333333333333,0.3333333333333333,248.2696570489431
"(210, 220]","(190, 200]",0.0,3,0.0,0.0,248.2696570489431
"(210, 220]","(210, 220]",0.0,1,0.0,0.0,248.2696570489431
"(220, 230]","(0, 10]",0.0,7,0.0,0.0,248.2696570489431
"(220, 230]","(10, 20]",0.0,6,0.0,0.0,248.2696570489431
"(220, 230]","(20, 30]",0.0,2,0.0,0.0,248.2696570489431
"(220, 230]","(30, 40]",0.0,4,0.0,0.0,248.2696570489431
"(220, 230]","(40, 50]",0.13043478260869565,23,0.13043478260869565,0.13043478260869565,248.2696570489431
"(220, 230]","(50, 60]",0.0,1,0.0,0.0,248.2696570489431
"(220, 230]","(90, 100]",0.0,1,0.0,0.0,248.2696570489431
"(220, 230]","(100, 110]",0.0,5,0.0,0.0,248.2696570489431
"(220, 230]","(110, 120]",0.16666666666666666,6,0.16666666666666666,0.16666666666666666,248.2696570489431
"(220, 230]","(120, 130]",0.09090909090909091,11,0.09090909090909091,0.09090909090909091,248.2696570489431
"(220, 230]","(130, 140]",0.0,6,0.0,0.0,248.2696570489431
"(220, 230]","(140, 150]",0.08333333333333333,12,0.08333333333333333,0.08333333333333333,248.2696570489431
"(220, 230]","(170, 180]",0.6666666666666666,3,0.6666666666666666,0.6666666666666666,248.2696570489431
"(220, 230]","(190, 200]",0.0,3,0.0,0.0,248.2696570489431
"(220, 230]","(230, 240]",0.0,1,0.0,0.0,248.2696570489431
"(230, 240]","(30, 40]",0.0,3,0.0,0.0,248.2696570489431
"(230, 240]","(50, 60]",0.0,3,0.0,0.0,248.2696570489431
"(230, 240]","(60, 70]",0.0,1,0.0,0.0,248.2696570489431
"(230, 240]","(140, 150]",0.0,1,0.0,0.0,248.2696570489431
